PredictedProbability,PredictedLabel
0.789484,1
0.754022,1
0.780909,1
0.712392,1
0.813991,1
0.672387,1
0.532263,1
0.656446,1
0.589736,1
0.709857,1
0.785987,1
0.684562,1
0.860261,1
0.834517,1
0.81063,1
0.680011,1
0.834789,1
0.848853,1
0.849017,1
0.672902,1
0.750878,1
0.893866,1
0.929713,1
0.86145,1
0.832157,1
0.859586,1
0.85831,1
0.970757,1
0.970285,1
0.622783,1
0.906038,1
