PredictedProbability,PredictedLabel
0.730366,1
0.710302,1
0.668822,1
0.723833,1
0.679806,1
0.567758,1
0.705536,1
0.647164,1
0.645023,1
0.601404,1
0.695476,1
0.638347,1
0.613765,1
0.618865,1
0.693484,1
0.674591,1
0.658278,1
0.656179,1
0.607028,1
0.627515,1
0.680903,1
0.619141,1
0.69543,1
0.752521,1
0.685171,1
0.620372,1
0.727334,1
0.738095,1
0.74114,1
0.605797,1
0.712539,1
0.58631,1
0.85342,1
0.806651,1
0.806651,1
