PredictedProbability,PredictedLabel
0.741428,1
0.843446,1
0.844315,1
0.755199,1
0.681721,1
0.700408,1
0.735125,1
0.822414,1
0.669552,1
0.894809,1
0.816937,1
0.91875,1
0.898533,1
0.921809,1
0.911716,1
0.925304,1
0.701606,1
0.738544,1
0.686375,1
0.915195,1
0.911205,1
0.714905,1
