PredictedProbability,PredictedLabel
0.742466,1
0.730481,1
0.75545,1
0.778939,1
0.763468,1
0.760901,1
0.729202,1
0.771735,1
0.768884,1
0.777827,1
0.783032,1
0.773432,1
0.75609,1
0.577353,1
0.642076,1
0.516637,1
0.638667,1
0.76091,1
0.750554,1
0.783877,1
0.877315,1
0.956683,1
0.946177,1
0.953473,1
0.943505,1
0.890128,1
0.870068,1
0.93172,1
0.924285,1
0.871697,1
0.933298,1
0.854876,1
0.972296,1
0.971653,1
0.967077,1
0.81959,1
0.890144,1
0.941228,1
0.95133,1
0.904628,1
