PredictedProbability,PredictedLabel
0.747218,1
0.745204,1
0.781635,1
0.807216,1
0.792705,1
0.80679,1
0.750301,1
0.749974,1
0.769825,1
0.75679,1
0.720056,1
0.755824,1
0.741085,1
0.835832,1
0.798511,1
0.836043,1
0.772462,1
0.764272,1
0.771492,1
0.808997,1
0.728537,1
0.844823,1
0.741056,1
0.811525,1
0.895648,1
0.887723,1
0.880358,1
0.889691,1
0.800123,1
0.885493,1
0.920527,1
0.935878,1
0.891407,1
0.839969,1
