PredictedProbability,PredictedLabel
0.848236,1
0.864841,1
0.835364,1
0.846303,1
0.84873,1
0.838455,1
0.846574,1
0.855106,1
0.792915,1
0.879689,1
0.711244,1
0.788676,1
0.850543,1
0.859187,1
0.819664,1
0.818408,1
0.873344,1
0.692907,1
0.58817,1
0.650941,1
0.473902,0
0.577016,1
0.35455,0
0.417261,0
0.358686,0
0.397391,0
0.399734,0
0.428688,0
0.41396,0
0.444885,0
0.635109,1
0.831545,1
0.785249,1
0.837445,1
